id,name,description,ingredients,imageUrl,departmentId,department
1,Bandeja Paisa,"La bandeja paisa es el orgullo de la cocina paisa y uno de los platos más emblemáticos de Colombia. Originaria de Antioquia y los departamentos vecinos de Caldas, Risaralda y Quindío, refleja la tradición y riqueza cultural de esta región.","Frijoles, arroz, carne molida, chicharrón, huevo, plátano maduro, chorizo, arepa, aguacate.",https://apicolombiastorage.blob.core.windows.net/typicaldishes/1. Bandeja Paisa.jpg,2,"{'id': 2, 'name': 'Antioquia', 'description': 'Antioquia es uno de los treinta y dos departamentos que, junto con Bogotá, Distrito Capital, forman la República de Colombia. Su capital es Medellín, la segunda ciudad más poblada del país. Está ubicado al noroccidente colombiano, en las regiones Andina y Caribe, limitando al norte con el mar Caribe (océano Atlántico), Córdoba y Bolívar, al este con Santander y Boyacá, al sur con Caldas y Risaralda, y al oeste con Chocó. Con unos 6 500 000 habitantes en 2015 es el departamento más poblado, y con 63 600 km², el sexto más extenso, superado por Amazonas, Vichada, Caquetá, Meta y Guainía.', 'cityCapitalId': 12, 'municipalities': 125, 'surface': 63612, 'population': 6887306, 'phonePrefix': '4', 'countryId': 1, 'cityCapital': None, 'country': None, 'cities': None, 'regionId': 5, 'region': None, 'naturalAreas': None, 'maps': None, 'indigenousReservations': None, 'airports': None}"
2,Sancocho Antioqueño,"El sancocho antioqueño es un plato típico de Antioquia, preparado con carne, plátano verde, mazorca, papa, yuca y condimentos, servido con arroz, aguacate y arepas, ideal para reuniones familiares y festividades.","Carne de res, pollo, plátano verde, yuca, papa, mazorca, cilantro.",https://apicolombiastorage.blob.core.windows.net/typicaldishes/2. Sancocho Antioqueno.jpg,2,"{'id': 2, 'name': 'Antioquia', 'description': 'Antioquia es uno de los treinta y dos departamentos que, junto con Bogotá, Distrito Capital, forman la República de Colombia. Su capital es Medellín, la segunda ciudad más poblada del país. Está ubicado al noroccidente colombiano, en las regiones Andina y Caribe, limitando al norte con el mar Caribe (océano Atlántico), Córdoba y Bolívar, al este con Santander y Boyacá, al sur con Caldas y Risaralda, y al oeste con Chocó. Con unos 6 500 000 habitantes en 2015 es el departamento más poblado, y con 63 600 km², el sexto más extenso, superado por Amazonas, Vichada, Caquetá, Meta y Guainía.', 'cityCapitalId': 12, 'municipalities': 125, 'surface': 63612, 'population': 6887306, 'phonePrefix': '4', 'countryId': 1, 'cityCapital': None, 'country': None, 'cities': None, 'regionId': 5, 'region': None, 'naturalAreas': None, 'maps': None, 'indigenousReservations': None, 'airports': None}"
3,Ajiaco Santafereño," Sopa tradicional de Bogotá y el altiplano cundiboyacense, caracterizada por el uso de diferentes tipos de papa y la guasca como hierba aromática.","Papas sabaneras, criollas y pastusas, Pechuga de pollo, Mazorca, Guasca, Crema de leche, Alcaparras, Arroz blanco",https://apicolombiastorage.blob.core.windows.net/typicaldishes/3. Ajiaco Santafereno.png,5,"{'id': 5, 'name': 'Bogotá', 'description': 'Bogotá, oficialmente Bogotá, Distrito Capital\u200b (antiguamente, Santafé de Bogotá),\u200b es la capital de la República de Colombia y del departamento de Cundinamarca. Está administrada como distrito capital, y goza de autonomía para la gestión de sus intereses dentro de los límites de la Constitución y la ley.12\u200b18\u200b A diferencia de los demás distritos de Colombia, Bogotá es una entidad territorial de primer orden, con las atribuciones administrativas que la ley confiere a los departamentos', 'cityCapitalId': 167, 'municipalities': 1, 'surface': 1139, 'population': 8906342, 'phonePrefix': '1', 'countryId': 1, 'cityCapital': None, 'country': None, 'cities': None, 'regionId': 5, 'region': None, 'naturalAreas': None, 'maps': None, 'indigenousReservations': None, 'airports': None}"
4,Sancocho de Gallina,"Sopa tradicional del Valle del Cauca, ideal para reuniones familiares y celebraciones.","Gallina, Plátano verde, Yuca, Papa, Mazorca, Cilantro, Cebolla, Ajo",https://apicolombiastorage.blob.core.windows.net/typicaldishes/4. Sancocho de gallina.jpeg,31,"{'id': 31, 'name': 'Valle del Cauca', 'description': 'Valle del Cauca es uno de los treinta y dos departamentos que, junto con Bogotá, Distrito Capital, forman la República de Colombia. Su capital es Cali. Está ubicado en las regiones Andina y del Pacífico, limitando al norte con Chocó y Risaralda, al este con Quindío y Tolima, al sur con Cauca y al oeste con el océano Pacífico. Con 4 600 000 habitantes en 2015 es el segundo departamento más poblado', 'cityCapitalId': 1093, 'municipalities': 42, 'surface': 22140, 'population': 4589278, 'phonePrefix': '2', 'countryId': 1, 'cityCapital': None, 'country': None, 'cities': None, 'regionId': 2, 'region': None, 'naturalAreas': None, 'maps': None, 'indigenousReservations': None, 'airports': None}"
5,Lechona Tolimense,"Preparación típica para celebraciones, consiste en cerdo relleno con arroz y arvejas, cocinado lentamente en horno de barro.","Carne de cerdo, Arroz, Arvejas, Aliños (ajo, cebolla, comino), Piel de cerdo crocante",https://apicolombiastorage.blob.core.windows.net/typicaldishes/5. Lechona Tolimense.png,30,"{'id': 30, 'name': 'Tolima', 'description': 'Tolima es uno de los treinta y dos departamentos que, junto con Bogotá, Distrito Capital, forman la República de Colombia. Su capital es Ibagué. Está ubicado en el centro-oeste del país, en la región andina, limitando al norte con Caldas, al este con Cundinamarca, al sur con Huila y Cauca; y al oeste con Valle del Cauca, Quindío y Risaralda.6\u200b El río Magdalena atraviesa Tolima de sur a norte.', 'cityCapitalId': 1069, 'municipalities': 47, 'surface': 23562, 'population': 1346935, 'phonePrefix': '8', 'countryId': 1, 'cityCapital': None, 'country': None, 'cities': None, 'regionId': 5, 'region': None, 'naturalAreas': None, 'maps': None, 'indigenousReservations': None, 'airports': None}"
6,Arepas de Huevo,"Arepas fritas rellenas de huevo, típicas de la región caribeña, ideales para desayunos o meriendas.","Harina de maíz, Huevo, Aceite para freír, Sal",https://apicolombiastorage.blob.core.windows.net/typicaldishes/6. Arepas de Huevo.jpg,4,"{'id': 4, 'name': 'Atlántico', 'description': 'El Atlántico es uno de los treinta y dos departamentos que, junto a Bogotá, Distrito Capital, forman la República de Colombia. Su capital es Barranquilla. Ubicado en la región Caribe, limita al norte con el mar Caribe, al Oriente con el río Magdalena y al Sur y al Occidente con el departamento de Bolívar. Con unos 2 500 000 habitantes en 2015, es el cuarto departamento más poblado (por detrás de Antioquia, Valle del Cauca y Cundinamarca); con 3019 km² es el tercero menos extenso (por delante de Quindío y San Andrés y Providencia, el menos extenso) y con 815 hab/km² es el segundo más densamente poblado (por detrás de San Andrés y Providencia)', 'cityCapitalId': 144, 'municipalities': 23, 'surface': 3388, 'population': 2804025, 'phonePrefix': '5', 'countryId': 1, 'cityCapital': None, 'country': None, 'cities': None, 'regionId': 1, 'region': None, 'naturalAreas': None, 'maps': None, 'indigenousReservations': None, 'airports': None}"
7,Mazamorra Chiquita,"Sopa densa hecha a base de maíz, legumbres y carne.","Maíz pelado, Habas, Arvejas, Tocino o costilla de cerdo, Cilantro",https://apicolombiastorage.blob.core.windows.net/typicaldishes/7. Mazamorra Chiquita.jpg,7,"{'id': 7, 'name': 'Boyacá', 'description': 'Boyacá es uno de los treinta y dos departamentos que, junto con Bogotá, Distrito Capital, forman la República de Colombia. Su capital es Tunja. Está ubicado en el centro-este del país, en la región andina, limitando al norte con Santander y Norte de Santander, al noreste con Venezuela y Arauca, al este con Casanare,8\u200b9\u200b al sur con Cundinamarca y al occidente el río Magdalena con los departamentos de Caldas y Antioquia.', 'cityCapitalId': 217, 'municipalities': 123, 'surface': 23189, 'population': 1259601, 'phonePrefix': '8', 'countryId': 1, 'cityCapital': None, 'country': None, 'cities': None, 'regionId': 5, 'region': None, 'naturalAreas': None, 'maps': None, 'indigenousReservations': None, 'airports': None}"
8,Sobrebarriga al Horno,"Carne de res cocida al horno, acompañada con papas, arroz y ensalada.","Sobrebarriga de res, Ajo, cebolla y tomate, Papa criolla, Arroz blanco",https://apicolombiastorage.blob.core.windows.net/typicaldishes/8. Sobrebarriga al Horno.jpg,15,"{'id': 15, 'name': 'Cundinamarca', 'description': 'Cundinamarca es uno de los 32 departamentos que, junto con Bogotá, Distrito Capital, forman la República de Colombia. Su capital es Bogotá, la capital del país. Está ubicado en el centro del país, en la región andina, limitando al norte Boyacá, al este y al sur con Meta, al sur con Huila y al oeste con Tolima y Caldas. Enclavado en su territorio se encuentra el Distrito Capital de Bogotá, al que rodea excepto por su límite suroriental.', 'cityCapitalId': 167, 'municipalities': 116, 'surface': 23071, 'population': 2473634, 'phonePrefix': '1', 'countryId': 1, 'cityCapital': None, 'country': None, 'cities': None, 'regionId': 5, 'region': None, 'naturalAreas': None, 'maps': None, 'indigenousReservations': None, 'airports': None}"
9,Arroz Atollado,"Plato típico con arroz cocido mezclado con cerdo, pollo y verduras","Arroz, Costilla de cerdo, Pollo, Hogao, Arvejas y zanahoria",https://apicolombiastorage.blob.core.windows.net/typicaldishes/9. Arroz Atollado.jpg,31,"{'id': 31, 'name': 'Valle del Cauca', 'description': 'Valle del Cauca es uno de los treinta y dos departamentos que, junto con Bogotá, Distrito Capital, forman la República de Colombia. Su capital es Cali. Está ubicado en las regiones Andina y del Pacífico, limitando al norte con Chocó y Risaralda, al este con Quindío y Tolima, al sur con Cauca y al oeste con el océano Pacífico. Con 4 600 000 habitantes en 2015 es el segundo departamento más poblado', 'cityCapitalId': 1093, 'municipalities': 42, 'surface': 22140, 'population': 4589278, 'phonePrefix': '2', 'countryId': 1, 'cityCapital': None, 'country': None, 'cities': None, 'regionId': 2, 'region': None, 'naturalAreas': None, 'maps': None, 'indigenousReservations': None, 'airports': None}"
10,Tamal Tolimense,"Masa de maíz rellena de carne y vegetales, envuelta en hojas de plátano.","Harina de maíz, Carne de cerdo o pollo, Papa, Zanahoria, Hojas de plátano",https://apicolombiastorage.blob.core.windows.net/typicaldishes/10.Tamal Tolimense.jpg,30,"{'id': 30, 'name': 'Tolima', 'description': 'Tolima es uno de los treinta y dos departamentos que, junto con Bogotá, Distrito Capital, forman la República de Colombia. Su capital es Ibagué. Está ubicado en el centro-oeste del país, en la región andina, limitando al norte con Caldas, al este con Cundinamarca, al sur con Huila y Cauca; y al oeste con Valle del Cauca, Quindío y Risaralda.6\u200b El río Magdalena atraviesa Tolima de sur a norte.', 'cityCapitalId': 1069, 'municipalities': 47, 'surface': 23562, 'population': 1346935, 'phonePrefix': '8', 'countryId': 1, 'cityCapital': None, 'country': None, 'cities': None, 'regionId': 5, 'region': None, 'naturalAreas': None, 'maps': None, 'indigenousReservations': None, 'airports': None}"
11,Arroz con Coco,Arroz dulce o salado preparado con leche de coco.,"Arroz, Coco rallado, Azúcar (para dulce) o sal",https://apicolombiastorage.blob.core.windows.net/typicaldishes/11. Arroz con Coco.jpg,6,"{'id': 6, 'name': 'Bolívar', 'description': 'Bolívar es uno de los treinta y dos departamentos que, junto con Bogotá, Distrito Capital, forman la República de Colombia. Su capital es Cartagena de Indias, sede de la asamblea departamental, mientras que en Turbaco se encuentra la sede de la gobernación. Está ubicado en la región Caribe, limitando al norte con el mar Caribe (océano Atlántico), al noreste con Atlántico, al este con Magdalena y Cesar, al sureste con Santander, al suroeste con Antioquia y al oeste con Córdoba y Sucre.', 'cityCapitalId': 210, 'municipalities': 45, 'surface': 25978, 'population': 2236603, 'phonePrefix': '5', 'countryId': 1, 'cityCapital': None, 'country': None, 'cities': None, 'regionId': 1, 'region': None, 'naturalAreas': None, 'maps': None, 'indigenousReservations': None, 'airports': None}"
12,Cabrito Asado,"Carne de cabro sazonada y asada lentamente, típico de Santander.","Carne de cabro, Limón, Ajol Comino, Sal y pimienta",https://apicolombiastorage.blob.core.windows.net/typicaldishes/12. Cabrito Asado.jpg,28,"{'id': 28, 'name': 'Santander', 'description': 'Santander es uno de los treinta y dos departamentos que, junto con Bogotá, Distrito Capital, forman la República de Colombia. Su capital es Bucaramanga. Está ubicado al noreste del país, en la región andina, limitando al norte con Cesar y Norte de Santander, al este y sur con Boyacá, al oeste con Antioquia y al noroeste con Bolívar.7\u200b Con unos 2 280 908 habitantes en 2018 es el sexto departamento por población. Recibe su nombre en alusión a Francisco de Paula Santander, prócer de la independencia de la Nueva Granada', 'cityCapitalId': 915, 'municipalities': 87, 'surface': 30537, 'population': 2324090, 'phonePrefix': '7', 'countryId': 1, 'cityCapital': None, 'country': None, 'cities': None, 'regionId': 5, 'region': None, 'naturalAreas': None, 'maps': None, 'indigenousReservations': None, 'airports': None}"
13,Pepitoria,"Guiso preparado con vísceras de cabrito, arroz y especias.","Vísceras de cabro, Arroz, Cebolla, Ajo, Comino y achiote",https://apicolombiastorage.blob.core.windows.net/typicaldishes/13. Pepitoria.jpg,28,"{'id': 28, 'name': 'Santander', 'description': 'Santander es uno de los treinta y dos departamentos que, junto con Bogotá, Distrito Capital, forman la República de Colombia. Su capital es Bucaramanga. Está ubicado al noreste del país, en la región andina, limitando al norte con Cesar y Norte de Santander, al este y sur con Boyacá, al oeste con Antioquia y al noroeste con Bolívar.7\u200b Con unos 2 280 908 habitantes en 2018 es el sexto departamento por población. Recibe su nombre en alusión a Francisco de Paula Santander, prócer de la independencia de la Nueva Granada', 'cityCapitalId': 915, 'municipalities': 87, 'surface': 30537, 'population': 2324090, 'phonePrefix': '7', 'countryId': 1, 'cityCapital': None, 'country': None, 'cities': None, 'regionId': 5, 'region': None, 'naturalAreas': None, 'maps': None, 'indigenousReservations': None, 'airports': None}"
14,Cuy Asado,"Raza especial de cuy, asado sobre brasas, acompañado de papas.","Cuy, Papas, Ajo, Comino, Sal",https://apicolombiastorage.blob.core.windows.net/typicaldishes/14. Cuy Asado.jpg,22,"{'id': 22, 'name': 'Nariño', 'description': 'Nariño es uno de los treinta y dos departamentos que, junto con Bogotá, Distrito Capital, forman la República de Colombia. Su capital es San Juan de Pasto. Está ubicado en el extremo suroeste del país, en las regiones andina y pacífica, limitando al norte con Cauca, al este con Putumayo, al sur con las provincias de Esmeraldas, Carchi y Sucumbíos de la República de Ecuador y al oeste con el océano Pacífico. Fue fundado en 1904 con la unión de lo que eran las provincias de Pasto y Obando.', 'cityCapitalId': 769, 'municipalities': 64, 'surface': 33268, 'population': 1629181, 'phonePrefix': '2', 'countryId': 1, 'cityCapital': None, 'country': None, 'cities': None, 'regionId': 2, 'region': None, 'naturalAreas': None, 'maps': None, 'indigenousReservations': None, 'airports': None}"
15,Empanadas de Pipián,Empanadas rellenas de un guiso de papa y maní.,"Masa de maíz, Papa, Maní, Achiote, Comino",https://apicolombiastorage.blob.core.windows.net/typicaldishes/15. Empanadas de Pipian.png,11,"{'id': 11, 'name': 'Cauca', 'description': 'Cauca es uno de los treinta y dos departamentos que, junto al Distrito Capital de Bogotá, conforman la República de Colombia. Su capital y ciudad más poblada es Popayán. Está ubicado al suroccidente del país entre las regiones andina y pacífica, limitando al norte con Valle del Cauca y Tolima, al oriente con Huila, al suroriente con Caquetá, al sur con Putumayo y Nariño, y al noroccidente con el océano Pacífico', 'cityCapitalId': 399, 'municipalities': 41, 'surface': 29308, 'population': 1516018, 'phonePrefix': '2', 'countryId': 1, 'cityCapital': None, 'country': None, 'cities': None, 'regionId': 2, 'region': None, 'naturalAreas': None, 'maps': None, 'indigenousReservations': None, 'airports': None}"
16,Arroz de Lisa,"Arroz cocido con pescado lisa, típico de Barranquilla.","Arroz, Lisa (pescado), Suero costeño, Plátano maduro, Yuca",https://apicolombiastorage.blob.core.windows.net/typicaldishes/16. Arroz de Lisa.jpg,4,"{'id': 4, 'name': 'Atlántico', 'description': 'El Atlántico es uno de los treinta y dos departamentos que, junto a Bogotá, Distrito Capital, forman la República de Colombia. Su capital es Barranquilla. Ubicado en la región Caribe, limita al norte con el mar Caribe, al Oriente con el río Magdalena y al Sur y al Occidente con el departamento de Bolívar. Con unos 2 500 000 habitantes en 2015, es el cuarto departamento más poblado (por detrás de Antioquia, Valle del Cauca y Cundinamarca); con 3019 km² es el tercero menos extenso (por delante de Quindío y San Andrés y Providencia, el menos extenso) y con 815 hab/km² es el segundo más densamente poblado (por detrás de San Andrés y Providencia)', 'cityCapitalId': 144, 'municipalities': 23, 'surface': 3388, 'population': 2804025, 'phonePrefix': '5', 'countryId': 1, 'cityCapital': None, 'country': None, 'cities': None, 'regionId': 1, 'region': None, 'naturalAreas': None, 'maps': None, 'indigenousReservations': None, 'airports': None}"
17,Butifarra Soledeña,"Embutido de cerdo, típico de Soledad, Atlántico.","Carne de cerdo, Ajo, Pimienta, Comino, SalCarne de cerdo, Ajo, Pimienta, Comino, Sal",https://apicolombiastorage.blob.core.windows.net/typicaldishes/17. Butifarra Soledena.jpg,4,"{'id': 4, 'name': 'Atlántico', 'description': 'El Atlántico es uno de los treinta y dos departamentos que, junto a Bogotá, Distrito Capital, forman la República de Colombia. Su capital es Barranquilla. Ubicado en la región Caribe, limita al norte con el mar Caribe, al Oriente con el río Magdalena y al Sur y al Occidente con el departamento de Bolívar. Con unos 2 500 000 habitantes en 2015, es el cuarto departamento más poblado (por detrás de Antioquia, Valle del Cauca y Cundinamarca); con 3019 km² es el tercero menos extenso (por delante de Quindío y San Andrés y Providencia, el menos extenso) y con 815 hab/km² es el segundo más densamente poblado (por detrás de San Andrés y Providencia)', 'cityCapitalId': 144, 'municipalities': 23, 'surface': 3388, 'population': 2804025, 'phonePrefix': '5', 'countryId': 1, 'cityCapital': None, 'country': None, 'cities': None, 'regionId': 1, 'region': None, 'naturalAreas': None, 'maps': None, 'indigenousReservations': None, 'airports': None}"
18,Asado Huilense,Carne de cerdo marinada y asada lentamente en hojas de plátano.,"Carne de cerdo, Hojas de plátano, Ajo y cebolla, Sal y pimienta, Cerveza (opcional)",https://apicolombiastorage.blob.core.windows.net/typicaldishes/18. Asado Huilense.jpg,18,"{'id': 18, 'name': 'Huila', 'description': 'Huila es uno de los treinta y dos departamentos que junto con Bogotá, Distrito Capital, conforman la República de Colombia. Su capital y ciudad más poblada es Neiva. Está ubicado al suroeste del país, en la región andina, limitando al norte con Tolima y Cundinamarca, al este con Meta, al sur con Caquetá y al oeste con Cauca.', 'cityCapitalId': 657, 'municipalities': 37, 'surface': 19890, 'population': 1140932, 'phonePrefix': '8', 'countryId': 1, 'cityCapital': None, 'country': None, 'cities': None, 'regionId': 5, 'region': None, 'naturalAreas': None, 'maps': None, 'indigenousReservations': None, 'airports': None}"
19,Champús,"Bebida espesa preparada con maíz, frutas y especias.","Maíz molido, Lulo, Piña, Panela, Canela y clavos",https://apicolombiastorage.blob.core.windows.net/typicaldishes/19. Champus.jpg,31,"{'id': 31, 'name': 'Valle del Cauca', 'description': 'Valle del Cauca es uno de los treinta y dos departamentos que, junto con Bogotá, Distrito Capital, forman la República de Colombia. Su capital es Cali. Está ubicado en las regiones Andina y del Pacífico, limitando al norte con Chocó y Risaralda, al este con Quindío y Tolima, al sur con Cauca y al oeste con el océano Pacífico. Con 4 600 000 habitantes en 2015 es el segundo departamento más poblado', 'cityCapitalId': 1093, 'municipalities': 42, 'surface': 22140, 'population': 4589278, 'phonePrefix': '2', 'countryId': 1, 'cityCapital': None, 'country': None, 'cities': None, 'regionId': 2, 'region': None, 'naturalAreas': None, 'maps': None, 'indigenousReservations': None, 'airports': None}"
20,Sopa de Carantanta,Sopa hecha con carantanta (corteza de maíz tostada) y leche.,"Carantanta, Leche, Papa, Cilantro, Sal",https://apicolombiastorage.blob.core.windows.net/typicaldishes/20. Sopa de carantanta.png,11,"{'id': 11, 'name': 'Cauca', 'description': 'Cauca es uno de los treinta y dos departamentos que, junto al Distrito Capital de Bogotá, conforman la República de Colombia. Su capital y ciudad más poblada es Popayán. Está ubicado al suroccidente del país entre las regiones andina y pacífica, limitando al norte con Valle del Cauca y Tolima, al oriente con Huila, al suroriente con Caquetá, al sur con Putumayo y Nariño, y al noroccidente con el océano Pacífico', 'cityCapitalId': 399, 'municipalities': 41, 'surface': 29308, 'population': 1516018, 'phonePrefix': '2', 'countryId': 1, 'cityCapital': None, 'country': None, 'cities': None, 'regionId': 2, 'region': None, 'naturalAreas': None, 'maps': None, 'indigenousReservations': None, 'airports': None}"
21,Caldo de Pirarucú,"Sopa con el pescado pirarucú, típico del Amazonas.","Pirarucú (pescado), Papa, Yuca, Cebolla, Cilantro",https://apicolombiastorage.blob.core.windows.net/typicaldishes/21. Caldo de pirarucu.png,1,"{'id': 1, 'name': 'Amazonas', 'description': 'Amazonas es uno de los treinta y dos departamentos que, junto con Bogotá, Distrito Capital, forman la República de Colombia. Su capital es Leticia. Está ubicado en el extremo sur del país, en gran parte al sur de la línea ecuatorial, en la región Amazonia. Limita al norte con Caquetá y Vaupés, al este con el estado brasileño del mismo nombre, al sur con el departamento peruano de Loreto y al oeste con Putumayo. Con 110 000 km² es el departamento más extenso de Colombia, con unos 75\xa0000 habitantes en 2015, el cuarto menos poblado —por delante de Vichada, Vaupés y Guainía, el menos poblado— y con 0.68\xa0hab/km², el tercero menos densamente poblado, por delante de Vichada y Guainía, el menos densamente poblado.', 'cityCapitalId': 1, 'municipalities': 2, 'surface': 109665, 'population': 82068, 'phonePrefix': '8', 'countryId': 1, 'cityCapital': None, 'country': None, 'cities': None, 'regionId': 4, 'region': None, 'naturalAreas': None, 'maps': None, 'indigenousReservations': None, 'airports': None}"
22,Chivo Guisado,Guiso de carne de chivo cocida con especias y aliños.,"Carne de chivo, Ajo y cebolla, Tomate, Comino, Achote",https://apicolombiastorage.blob.core.windows.net/typicaldishes/22. Chivo Guisado.png,19,"{'id': 19, 'name': 'La Guajira', 'description': 'La Guajira (en wayuunaiki: Wajiira o Karibyczonn) es uno de los treinta y dos departamentos que, junto con Bogotá, Distrito Capital, forman la República de Colombia. La traducción más precisa de su nombre sería «Caribe hermoso» y en wayunaiki antiguo Karive Pala «Mar Caribe» también puede significar Mar del Caribe. Su capital es Riohacha. Está ubicado en el extremo noreste del país, en la región Caribe, limitando al norte y este con el mar Caribe (océano Atlántico), al sureste con el estado Venezolano del Zulia, al sur con el departamento del Cesar y al oeste con el del Magdalena.', 'cityCapitalId': 694, 'municipalities': 15, 'surface': 20848, 'population': 1002394, 'phonePrefix': '5', 'countryId': 1, 'cityCapital': None, 'country': None, 'cities': None, 'regionId': 1, 'region': None, 'naturalAreas': None, 'maps': None, 'indigenousReservations': None, 'airports': None}"
23,Tacacho con Cecina,"Plátano asado y aplastado, acompañado de carne seca.","Plátano verde, Carne de cecina (seca), Aceite o manteca, Sal",https://apicolombiastorage.blob.core.windows.net/typicaldishes/23. Tacacho con cecina.png,1,"{'id': 1, 'name': 'Amazonas', 'description': 'Amazonas es uno de los treinta y dos departamentos que, junto con Bogotá, Distrito Capital, forman la República de Colombia. Su capital es Leticia. Está ubicado en el extremo sur del país, en gran parte al sur de la línea ecuatorial, en la región Amazonia. Limita al norte con Caquetá y Vaupés, al este con el estado brasileño del mismo nombre, al sur con el departamento peruano de Loreto y al oeste con Putumayo. Con 110 000 km² es el departamento más extenso de Colombia, con unos 75\xa0000 habitantes en 2015, el cuarto menos poblado —por delante de Vichada, Vaupés y Guainía, el menos poblado— y con 0.68\xa0hab/km², el tercero menos densamente poblado, por delante de Vichada y Guainía, el menos densamente poblado.', 'cityCapitalId': 1, 'municipalities': 2, 'surface': 109665, 'population': 82068, 'phonePrefix': '8', 'countryId': 1, 'cityCapital': None, 'country': None, 'cities': None, 'regionId': 4, 'region': None, 'naturalAreas': None, 'maps': None, 'indigenousReservations': None, 'airports': None}"
24,Arepa ocañera,"Arepa pequeña y crocante, hecha con maíz y mantequilla.","Maíz, mantequilla y sal.",https://apicolombiastorage.blob.core.windows.net/typicaldishes/24. Arepa Ocanera.jpg,23,"{'id': 23, 'name': 'Norte de Santander', 'description': 'Norte de Santander es uno de los treinta y dos departamentos que, junto con Bogotá, Distrito Capital, forman la República de Colombia. Su capital es la ciudad de Cúcuta. Es una entidad territorial que goza de autonomía para la administración de los asuntos seccionales y la planificación y promoción del desarrollo económico y social dentro de su territorio, tiene una extensión de 22.648 km², que equivalen al 1.91% del territorio nacional, ubicado en la región nororiental de Colombia. Limita al norte y al este con los estados de Zulia y Táchira de Venezuela, al sur con los departamentos de Boyacá y Santander, y al oeste con Santander y Cesar.', 'cityCapitalId': 870, 'municipalities': 40, 'surface': 21658, 'population': 1651278, 'phonePrefix': '7', 'countryId': 1, 'cityCapital': None, 'country': None, 'cities': None, 'regionId': 5, 'region': None, 'naturalAreas': None, 'maps': None, 'indigenousReservations': None, 'airports': None}"
25,Arroz clavado,"Es un arroz preparado con ingredientes básicos como arroz, aceite, ajo, cebolla, y caldo, que se cocina a fuego lento para formar una capa crujiente en el fondo de la olla. Es un plato típico del Chocó, servido tradicionalmente con pescados, mariscos, o carne.","Arroz, Ajo, Cebolla, Caldo o agua, Aceite o manteca y Sal",https://apicolombiastorage.blob.core.windows.net/typicaldishes/25. Arroz clavado.jpg,13,"{'id': 13, 'name': 'Chocó', 'description': 'Chocó es uno de los treinta y dos departamentos que, junto con Bogotá, Distrito Capital, forman la República de Colombia. Su capital es Quibdó. Está ubicado al noroeste del país, en las regiones andina y Pacífico, limitando al norte con la República de Panamá y el mar Caribe (océano Atlántico), al este con Antioquia y Risaralda, al sur con Valle del Cauca y al oeste con el océano Pacífico.', 'cityCapitalId': 467, 'municipalities': 31, 'surface': 46530, 'population': 553519, 'phonePrefix': '4', 'countryId': 1, 'cityCapital': None, 'country': None, 'cities': None, 'regionId': 2, 'region': None, 'naturalAreas': None, 'maps': None, 'indigenousReservations': None, 'airports': None}"
26,Mote de queso,Sopa de ñame con queso costeño y suero.,"Ñame, queso costeño, suero, cebolla y ajo.",https://apicolombiastorage.blob.core.windows.net/typicaldishes/26. Mote de queso.jpg,14,"{'id': 14, 'name': 'Córdoba', 'description': 'Córdoba es uno de los 32 departamentos que, junto con Bogotá, Distrito Capital, forman la República de Colombia. Su capital es Montería. Está ubicado al norte del país, en la región Caribe, limitando al norte con el mar Caribe (océano Atlántico), al este con los departamentos de Sucre y Bolívar, y al sur y oeste con el departamento de Antioquia. Con 1\xa0710\xa0000 habitantes en 2015, es el octavo departamento más poblado, por detrás de Bogotá, Antioquia, Valle del Cauca, Cundinamarca, Atlántico, Santander y Bolívar. Fue creado por medio de la Ley 9 del 18 de diciembre de 1951, reglamentada el 18 de junio de 1952.', 'cityCapitalId': 498, 'municipalities': 30, 'surface': 25020, 'population': 1856496, 'phonePrefix': '4', 'countryId': 1, 'cityCapital': None, 'country': None, 'cities': None, 'regionId': 1, 'region': None, 'naturalAreas': None, 'maps': None, 'indigenousReservations': None, 'airports': None}"
27,Cayeye,Puré de banano verde con queso costeño.,"Banano verde, queso costeño, mantequilla y sal.",https://apicolombiastorage.blob.core.windows.net/typicaldishes/27. Cayeye.jpg,20,"{'id': 20, 'name': 'Magdalena', 'description': 'Magdalena es uno de los treinta y dos departamentos que, junto con Bogotá, Distrito Capital, forman la República de Colombia. Su capital es Santa Marta. Está ubicado al noreste del país, en la región Caribe. Limita al norte con el mar Caribe, al este con La Guajira, al sureste con Cesar, al sur y oeste con Bolívar y al oeste con Atlántico. Fue uno de los originales nueve estados que conformaron los Estados Unidos de Colombia. El departamento toma el nombre del río Magdalena. Entre sus municipios se encuentra Aracataca, el lugar de nacimiento del premio Nobel de literatura Gabriel García Márquez.', 'cityCapitalId': 709, 'municipalities': 30, 'surface': 23188, 'population': 1463427, 'phonePrefix': '5', 'countryId': 1, 'cityCapital': None, 'country': None, 'cities': None, 'regionId': 1, 'region': None, 'naturalAreas': None, 'maps': None, 'indigenousReservations': None, 'airports': None}"
28,Arepa guajira,"Arepa grande hecha de maíz o yuca, típica de La Guajira.","Maíz o yuca, sal y agua.",https://apicolombiastorage.blob.core.windows.net/typicaldishes/28. Arepa Guajira.jpg,19,"{'id': 19, 'name': 'La Guajira', 'description': 'La Guajira (en wayuunaiki: Wajiira o Karibyczonn) es uno de los treinta y dos departamentos que, junto con Bogotá, Distrito Capital, forman la República de Colombia. La traducción más precisa de su nombre sería «Caribe hermoso» y en wayunaiki antiguo Karive Pala «Mar Caribe» también puede significar Mar del Caribe. Su capital es Riohacha. Está ubicado en el extremo noreste del país, en la región Caribe, limitando al norte y este con el mar Caribe (océano Atlántico), al sureste con el estado Venezolano del Zulia, al sur con el departamento del Cesar y al oeste con el del Magdalena.', 'cityCapitalId': 694, 'municipalities': 15, 'surface': 20848, 'population': 1002394, 'phonePrefix': '5', 'countryId': 1, 'cityCapital': None, 'country': None, 'cities': None, 'regionId': 1, 'region': None, 'naturalAreas': None, 'maps': None, 'indigenousReservations': None, 'airports': None}"
29,Ternera a la llanera,"Carne de res asada a la brasa, sazonada con sal y acompañada de yuca, plátano y arepas de maíz.","Carne de res, sal, yuca, plátano, arepas",https://apicolombiastorage.blob.core.windows.net/typicaldishes/29. Ternera a la llanera.png,3,"{'id': 3, 'name': 'Arauca', 'description': 'Arauca es uno de los treinta y dos departamentos que, junto con Bogotá, Distrito Capital, forman la República de Colombia. Su capital es la homónima Arauca. Está ubicado al este del país, en la región Orinoquía, limitando al norte y este con Venezuela, al sur con Vichada y Casanare, y al oeste con Boyacá', 'cityCapitalId': 143, 'municipalities': 7, 'surface': 23818, 'population': 304978, 'phonePrefix': '7', 'countryId': 1, 'cityCapital': None, 'country': None, 'cities': None, 'regionId': 3, 'region': None, 'naturalAreas': None, 'maps': None, 'indigenousReservations': None, 'airports': None}"
30,Natilla,"Plato tipico de caldas,se trata de un flan hecho con leche, fécula de maíz, panela rallada, canela y a veces pasas. Es un postre muy popular en Colombia y se suele comer en Navidad. ","Leche, Harina de maíz o maicena, Panela o azúcar, Canela en rama, Coco rallado (opcional), Uvas pasas (opcional)",https://apicolombiastorage.blob.core.windows.net/typicaldishes/30. Natilla.png,8,"{'id': 8, 'name': 'Caldas', 'description': 'Caldas es uno de los treinta y dos departamentos que, junto con Bogotá, Distrito Capital, forman la República de Colombia. Su capital es Manizales. Está ubicado en el centro del país, en la región andina, limitando al norte con Antioquia, al noreste con Boyacá, al este con Cundinamarca, al sur con Tolima y Risaralda y al oeste con Risaralda. Con 7888\xa0km² es el quinto departamento menos extenso —por delante de Risaralda, Atlántico, Quindío y San Andrés y Providencia, el menos extenso— y con 125 hab/km², el sexto más densamente poblado, por detrás de San Andrés y Providencia, Atlántico, Quindío, Risaralda y Valle del Cauca', 'cityCapitalId': 337, 'municipalities': 27, 'surface': 7888, 'population': 1036455, 'phonePrefix': '6', 'countryId': 1, 'cityCapital': None, 'country': None, 'cities': None, 'regionId': 5, 'region': None, 'naturalAreas': None, 'maps': None, 'indigenousReservations': None, 'airports': None}"
31,Pescado muquiao,"Se trata de una tradicion que consiste en sazonar el pescado con sal, envolverlo en hojas de plátano previamente ahumadas y cocinarlo en un horno subterráneo. Este método se acompaña con yuca, plátano asado y arroz, mientras que la bebida típica es la chicha.","pescado, sal gruesa al gusto, hojas de plátano frescas y limpias, yuca, plátanos verdes o maduros, arroz blanco cocido, chicha (opcional).",https://apicolombiastorage.blob.core.windows.net/typicaldishes/31. Pescado Muquiao.jpg,9,"{'id': 9, 'name': 'Caquetá', 'description': 'Caquetá es uno de los treinta y dos departamentos que, junto con Bogotá, Distrito Capital, forman la República de Colombia. Su capital es Florencia. Está ubicado al sur del país, en la región Amazonia, limitando al norte con Meta y Guaviare, al noreste con Vaupés, al sur con Amazonas y Putumayo, y al oeste con Cauca y Huila. Con 88 965 km² es el tercer departamento más extenso —por detrás de Amazonas y Vichada—. Todos sus municipios forman parte de los territorios focalizados', 'cityCapitalId': 364, 'municipalities': 16, 'surface': 88965, 'population': 419275, 'phonePrefix': '8', 'countryId': 1, 'cityCapital': None, 'country': None, 'cities': None, 'regionId': 4, 'region': None, 'naturalAreas': None, 'maps': None, 'indigenousReservations': None, 'airports': None}"
32,Pisillo de chigüiro,Plato tradicional que se elabora desmechando la carne de este roedor típico de la región,"ajo, cebolla, pimentón y otros condimentos. Se sirve con arroz, plátano y yuca.",https://apicolombiastorage.blob.core.windows.net/typicaldishes/32. Pisillo de chiguiro.png,10,"{'id': 10, 'name': 'Casanare', 'description': 'Casanare es uno de los treinta y dos departamentos que, junto con Bogotá, Distrito Capital, forman la República de Colombia. Su capital es Yopal. Está ubicado en la región Orinoquía, limitando al norte con Arauca, al este con Vichada, al sur con Meta y al oeste con Boyacá. Con 44 490\xa0km² es el décimo departamento más extenso —por detrás de Amazonas, Vichada', 'cityCapitalId': 380, 'municipalities': 19, 'surface': 44640, 'population': 442068, 'phonePrefix': '8', 'countryId': 1, 'cityCapital': None, 'country': None, 'cities': None, 'regionId': 3, 'region': None, 'naturalAreas': None, 'maps': None, 'indigenousReservations': None, 'airports': None}"
33,Chicharrón,"El chicharrón es un acompañante frecuente en el Cesar, preparado con carne de cerdo frita hasta quedar crujiente. Se sirve con arroz, arepas y otros acompañantes.","Carne de cerdo, sal al gusto, ajo, pimienta al gusto y aceite",https://apicolombiastorage.blob.core.windows.net/typicaldishes/33. Chicharron.jpg,12,"{'id': 12, 'name': 'Cesar', 'description': 'Cesar es uno de los treinta y dos departamentos que, junto con Bogotá, Distrito Capital, forman la República de Colombia. Su capital es Valledupar. Está ubicado al noreste del país, en las regiones Andina y Caribe, limitando al norte con La Guajira, al este con el Estado Zulia de Venezuela, al sureste con Norte de Santander, al sur con Santander, al suroeste con Bolívar y al oeste con Magdalena.', 'cityCapitalId': 441, 'municipalities': 25, 'surface': 22905, 'population': 1341697, 'phonePrefix': '4', 'countryId': 1, 'cityCapital': None, 'country': None, 'cities': None, 'regionId': 1, 'region': None, 'naturalAreas': None, 'maps': None, 'indigenousReservations': None, 'airports': None}"
34,Sancocho de pescado,"Este caldo espeso se prepara con pescado fresco, yuca, plátano, arroz y otros ingredientes locales. Es común en las zonas ribereñas de Guainía.","Pescado fresco, yuca, plátano verde, papas, mazorca de maíz, cebolla, ajo, pimentón, cilantro, comino, sal, pimienta, aceite y agua para cocinar el caldo",https://apicolombiastorage.blob.core.windows.net/typicaldishes/34. Sancocho de pescado.png,16,"{'id': 16, 'name': 'Guainía', 'description': 'Guainía (idioma yurí: ""Tierra de muchas aguas"") es uno de los treinta y dos departamentos que, junto con Bogotá, Distrito Capital, forman la República de Colombia. Su capital es Inírida. Está ubicado al este del país, en la región Amazonia, limitando al norte con Vichada, al este con el Estado de Amazonas de Venezuela, al sur con el brasileño del mismo nombre, al suroeste con Vaupés y al oeste con Guaviare. Con 72 238\xa0km² es el quinto departamento más extenso —por detrás de Amazonas, Vichada, Caquetá y Meta—, con unos 50 000 habitantes en 2020, el segundo menos poblado, y con 0,56 hab/km², el menos densamente poblado. Antiguamente era una comisaría, pero desde 1991 es oficialmente un departamento', 'cityCapitalId': 644, 'municipalities': 2, 'surface': 72238, 'population': 52061, 'phonePrefix': '8', 'countryId': 1, 'cityCapital': None, 'country': None, 'cities': None, 'regionId': 4, 'region': None, 'naturalAreas': None, 'maps': None, 'indigenousReservations': None, 'airports': None}"
35,Casabe,"Es una tortilla grande y delgada hecha a base de yuca brava, un alimento ancestral preparado por las comunidades indígenas. Se sirve como acompañamiento para otros platos o se come solo.",Harina de yuca o mandioca,https://apicolombiastorage.blob.core.windows.net/typicaldishes/35. Casabe.png,17,"{'id': 17, 'name': 'Guaviare', 'description': 'Guaviare es uno de los treinta y dos departamentos que, junto con Bogotá, Distrito Capital, forman la República de Colombia. Su capital es San José del Guaviare. Está ubicado en la región Amazonia, limitando al norte con Meta, al noreste con Vichada, al oeste con Guainía y al sur con Vaupés y Caquetá. Con 77,276 hab. según estimaciones del DANE,5\u200b es el quinto departamento menos poblado —por delante de Amazonas, San Andrés y Providencia, Guainía y Vaupés— y con 2,04 hab/km², el quinto menos densamente poblado, por delante de Vaupés, Amazonas, Vichada y Guainía, el menos densamente poblado', 'cityCapitalId': 654, 'municipalities': 4, 'surface': 53460, 'population': 90357, 'phonePrefix': '8', 'countryId': 1, 'cityCapital': None, 'country': None, 'cities': None, 'regionId': 4, 'region': None, 'naturalAreas': None, 'maps': None, 'indigenousReservations': None, 'airports': None}"
36,Pan de arroz,"Un panecillo suave y crujiente por fuera, hecho a base de masa de arroz, queso y mantequilla, muy popular como merienda o desayuno.","Arroz, queso costeño o queso campesino, harina de maíz, mantequilla, huevos, leche, sal",https://apicolombiastorage.blob.core.windows.net/typicaldishes/36. Pan de arroz.png,21,"{'id': 21, 'name': 'Meta', 'description': 'Meta es uno de los treinta y dos departamentos que, junto con Bogotá, Distrito Capital, forman la República de Colombia. Su capital es Villavicencio. Está ubicado en el centro del país, en la región Orinoquía, limitando al norte con Bogotá, Distrito Capital, Cundinamarca y Casanare, al este con Vichada, al sur con Guaviare y Caquetá, y al oeste con Huila. Con 85 635 km² es el cuarto departamento más extenso —por detrás de Amazonas, Vichada y Caquetá', 'cityCapitalId': 740, 'municipalities': 29, 'surface': 85635, 'population': 1080706, 'phonePrefix': '8', 'countryId': 1, 'cityCapital': None, 'country': None, 'cities': None, 'regionId': 3, 'region': None, 'naturalAreas': None, 'maps': None, 'indigenousReservations': None, 'airports': None}"
37,Maito de pescado,"El maito consiste en un pescado fresco, como tilapia, bocachico o bagre, que se sazona con sal y especias, se envuelve en hojas de bijao y se cocina al carbón o al vapor.","Pescado fresco, hojas de bijao, cebolla larga, ajo, limón, sal (al gusto), pimienta, aceite y aji amazonico",https://apicolombiastorage.blob.core.windows.net/typicaldishes/37. Maito de pescado.png,24,"{'id': 24, 'name': 'Putumayo', 'description': 'Putumayo (Quechua: Putumayu) es uno de los treinta y dos departamentos que, junto con Bogotá, Distrito Capital, forman la República de Colombia. Su capital es Mocoa y su ciudad más poblada es Puerto Asís. Está ubicado al suroeste del país, en la región Amazónica, limitando al norte con Cauca y Caquetá, al este con Amazonas, al sur con Perú y Ecuador, y al oeste con Nariño. La mayoría de sus municipios hace parte de los territorios focalizados', 'cityCapitalId': 872, 'municipalities': 13, 'surface': 24885, 'population': 369064, 'phonePrefix': '8', 'countryId': 1, 'cityCapital': None, 'country': None, 'cities': None, 'regionId': 4, 'region': None, 'naturalAreas': None, 'maps': None, 'indigenousReservations': None, 'airports': None}"
38,Chorizo ​​Santarrosano,"Este chorizo es originario de Santa rosa de Cabal, se distingue por su preparación artesanal y su sabor único","Carne de cerdo de alta calidad, condimentos como ajo, comino, pimienta y sal, algunos incluyen un toque de vinagre o cerveza en su preparación para realzar el sabor",https://apicolombiastorage.blob.core.windows.net/typicaldishes/38. Chorizo santarrosano.jpg,26,"{'id': 26, 'name': 'Risaralda', 'description': 'Risaralda es uno de los treinta y dos departamentos que, junto con Bogotá, Distrito Capital, forman la República de Colombia. Su capital y ciudad más poblada es Pereira. Está ubicado en el centro-oeste del país, en la región andina, limitando al norte con Antioquia, al este con Caldas y Tolima, al sur con Quindío y Valle del Cauca, y al oeste con Chocó. Con 4140 km² es el cuarto departamento menos extenso', 'cityCapitalId': 897, 'municipalities': 14, 'surface': 4140, 'population': 977829, 'phonePrefix': '6', 'countryId': 1, 'cityCapital': None, 'country': None, 'cities': None, 'regionId': 5, 'region': None, 'naturalAreas': None, 'maps': None, 'indigenousReservations': None, 'airports': None}"
39,Cachama Asada,"La cachama es un pez de agua dulce muy popular en Vichada. Se prepara asada a la brasa y se acompaña con fariña o mañoco, productos derivados de la yuca brava.","Cachama, ajo, limón, sal (al gusto), pimienta (al gusto), aceite vegetal o mantequilla y hierbas frescas",https://apicolombiastorage.blob.core.windows.net/typicaldishes/39. Cachama asada.jpg,33,"{'id': 33, 'name': 'Vichada', 'description': 'Vichada es uno de los treinta y dos departamentos que, junto con Bogotá, Distrito Capital, forman la República de Colombia. Su capital es Puerto Carreño. Está ubicado al este del país, en las regiones Orinoquía y Amazonia, limitando al norte con Casanare y Arauca, al norte y este con Venezuela, al sur con Guainía, al suroeste con Guaviare y al oeste con Meta.', 'cityCapitalId': 1121, 'municipalities': 4, 'surface': 100242, 'population': 115778, 'phonePrefix': '8', 'countryId': 1, 'cityCapital': None, 'country': None, 'cities': None, 'regionId': 3, 'region': None, 'naturalAreas': None, 'maps': None, 'indigenousReservations': None, 'airports': None}"
40,Sopa de Cangrejo,"La sopa de cangrejo es un plato típico de San Andrés y Providencia, preparado con cangrejo negro, leche de coco y tubérculos como ñame, yuca y papa. Su sabor es una mezcla única de dulzura y salinidad, con un toque de hierbas aromáticas que evocan la esencia caribeña.","Cangrejo negro, leche de coco, ñame, yuca, papa, cebolla, ajo, ají dulce, albahaca fresca o tomillo, sal, pimienta, aceite y gua o caldo de pescado ",https://apicolombiastorage.blob.core.windows.net/typicaldishes/40. Sopa de cangrejo.jpg,27,"{'id': 27, 'name': 'San Andrés y Providencia', 'description': 'El archipiélago de San Andrés, Providencia y Santa Catalina (en inglés y criollo sanandresano: Archipelago of San Andrés, Providencia and Santa Catalina) es uno de los treinta y dos departamentos que, junto con Bogotá, Distrito Capital, forman la República de Colombia. Su capital es San Andrés. Está ubicado al oeste del mar Caribe (océano Atlántico) en Centroamérica, a 775 km (480 millas náuticas) al noroeste de la costa atlántica del territorio continental del país, y a 220 km (140 millas náuticas) de las costas orientales de Nicaragua', 'cityCapitalId': 912, 'municipalities': 2, 'surface': 44, 'population': 65228, 'phonePrefix': '8', 'countryId': 1, 'cityCapital': None, 'country': None, 'cities': None, 'regionId': 6, 'region': None, 'naturalAreas': None, 'maps': None, 'indigenousReservations': None, 'airports': None}"
41,Mojarra frita,"Pescado entero frito, crujiente por fuera y suave por dentro, generalmente servido con arroz, patacones y ensalada.","Mojarra, ajo, limón, sal, aceite para freír.",https://apicolombiastorage.blob.core.windows.net/typicaldishes/41. Mojarra Frita.png,4,"{'id': 4, 'name': 'Atlántico', 'description': 'El Atlántico es uno de los treinta y dos departamentos que, junto a Bogotá, Distrito Capital, forman la República de Colombia. Su capital es Barranquilla. Ubicado en la región Caribe, limita al norte con el mar Caribe, al Oriente con el río Magdalena y al Sur y al Occidente con el departamento de Bolívar. Con unos 2 500 000 habitantes en 2015, es el cuarto departamento más poblado (por detrás de Antioquia, Valle del Cauca y Cundinamarca); con 3019 km² es el tercero menos extenso (por delante de Quindío y San Andrés y Providencia, el menos extenso) y con 815 hab/km² es el segundo más densamente poblado (por detrás de San Andrés y Providencia)', 'cityCapitalId': 144, 'municipalities': 23, 'surface': 3388, 'population': 2804025, 'phonePrefix': '5', 'countryId': 1, 'cityCapital': None, 'country': None, 'cities': None, 'regionId': 1, 'region': None, 'naturalAreas': None, 'maps': None, 'indigenousReservations': None, 'airports': None}"
42,Quiñapirá,"La Quiñapirá es un plato tradicional indígena del Vaupés, cuya preparación resalta la herencia cultural de la región amazónica. Consiste en pescado cocido en una sopa condimentada con ají y otros ingredientes naturales. Este plato es típico de reuniones comunitarias y refleja la riqueza fluvial y gastronómica de la región.","Pescado de río (como el bocachico o el dorado, entero o en trozos), ají amazónico, sal al gusto, agua, fariña (harina de yuca, utilizada como acompañamiento) y hojas de bijao o plátano",https://apicolombiastorage.blob.core.windows.net/typicaldishes/42. Quinapira.png,32,"{'id': 32, 'name': 'Vaupés', 'description': 'Vaupés es uno de los treinta y dos departamentos que, junto con Bogotá, Distrito Capital, forman la República de Colombia. Su capital es Mitú. Está ubicado al sureste del país, en la región Amazonía, limitando al norte con el Guaviare y Guainía, al este con Brasil, al sur con Amazonas y al oeste con el Caquetá. Con unos 43 000 habitantes en 2015 es el segundo departamento menos poblado', 'cityCapitalId': 1115, 'municipalities': 3, 'surface': 54135, 'population': 48932, 'phonePrefix': '8', 'countryId': 1, 'cityCapital': None, 'country': None, 'cities': None, 'regionId': 4, 'region': None, 'naturalAreas': None, 'maps': None, 'indigenousReservations': None, 'airports': None}"
43,Dulce de guayaba,"El dulce de guayaba es un postre tradicional colombiano, especialmente popular en el Eje Cafetero. Se elabora con guayaba y azúcar, creando un sabor dulce y una textura densa. Generalmente se acompaña con queso fresco, lo que resalta la combinación de sabores y texturas.","Guayaba madura,azúcar,agua y jugo de limón ",https://apicolombiastorage.blob.core.windows.net/typicaldishes/43. Dulce de Guayaba.jpg,25,"{'id': 25, 'name': 'Quindío', 'description': 'Quindío, también llamado El Quindío, es uno de los treinta y dos departamentos que, junto con Bogotá, Distrito Capital, forman la República de Colombia. Su capital es Armenia. Está ubicado en el centro-oeste del país, en la región andina, limitando al norte con Risaralda, al este con Tolima y al oeste con Valle del Cauca. Con 1845 km² es el segundo departamento menos extenso —por delante de San Andrés y Providencia— y con 306 hab/km², el tercero más densamente poblado, por detrás de San Andrés y Providencia y Atlántico. Pertenece al eje cafetero y a la región paisa', 'cityCapitalId': 885, 'municipalities': 12, 'surface': 1845, 'population': 569569, 'phonePrefix': '6', 'countryId': 1, 'cityCapital': None, 'country': None, 'cities': None, 'regionId': 5, 'region': None, 'naturalAreas': None, 'maps': None, 'indigenousReservations': None, 'airports': None}"
44,Posta cartagenera,"Plato típico de la región de Bolívar, especialmente en Cartagena. Es carne de res marinada, cocida y luego caramelizada en una salsa dulce a base de panela, especias y vino.","Carne de res (posta negra), panela, ajo, cebolla, salsa negra, vino, especias.",https://apicolombiastorage.blob.core.windows.net/typicaldishes/44. Posta cartagenera.jpg,6,"{'id': 6, 'name': 'Bolívar', 'description': 'Bolívar es uno de los treinta y dos departamentos que, junto con Bogotá, Distrito Capital, forman la República de Colombia. Su capital es Cartagena de Indias, sede de la asamblea departamental, mientras que en Turbaco se encuentra la sede de la gobernación. Está ubicado en la región Caribe, limitando al norte con el mar Caribe (océano Atlántico), al noreste con Atlántico, al este con Magdalena y Cesar, al sureste con Santander, al suroeste con Antioquia y al oeste con Córdoba y Sucre.', 'cityCapitalId': 210, 'municipalities': 45, 'surface': 25978, 'population': 2236603, 'phonePrefix': '5', 'countryId': 1, 'cityCapital': None, 'country': None, 'cities': None, 'regionId': 1, 'region': None, 'naturalAreas': None, 'maps': None, 'indigenousReservations': None, 'airports': None}"
45,Changua,Caldo tradicional del altiplano cundiboyacense que se consume principalmente en el desayuno. Es una sopa de leche con huevo escalfado.,"Leche, huevo, agua, cebolla larga, cilantro y sal",https://apicolombiastorage.blob.core.windows.net/typicaldishes/45. Changua.png,15,"{'id': 15, 'name': 'Cundinamarca', 'description': 'Cundinamarca es uno de los 32 departamentos que, junto con Bogotá, Distrito Capital, forman la República de Colombia. Su capital es Bogotá, la capital del país. Está ubicado en el centro del país, en la región andina, limitando al norte Boyacá, al este y al sur con Meta, al sur con Huila y al oeste con Tolima y Caldas. Enclavado en su territorio se encuentra el Distrito Capital de Bogotá, al que rodea excepto por su límite suroriental.', 'cityCapitalId': 167, 'municipalities': 116, 'surface': 23071, 'population': 2473634, 'phonePrefix': '1', 'countryId': 1, 'cityCapital': None, 'country': None, 'cities': None, 'regionId': 5, 'region': None, 'naturalAreas': None, 'maps': None, 'indigenousReservations': None, 'airports': None}"
46,Encocado,Plato típico del Pacífico colombiano que resalta los sabores afrodescendientes. Consiste en pescado o mariscos cocidos en leche de coco y especias.,"Pescado o mariscos, leche de coco, ajo, cebolla, pimentón, achiote y plátano.",https://apicolombiastorage.blob.core.windows.net/typicaldishes/46. Encocado.jpg,13,"{'id': 13, 'name': 'Chocó', 'description': 'Chocó es uno de los treinta y dos departamentos que, junto con Bogotá, Distrito Capital, forman la República de Colombia. Su capital es Quibdó. Está ubicado al noroeste del país, en las regiones andina y Pacífico, limitando al norte con la República de Panamá y el mar Caribe (océano Atlántico), al este con Antioquia y Risaralda, al sur con Valle del Cauca y al oeste con el océano Pacífico.', 'cityCapitalId': 467, 'municipalities': 31, 'surface': 46530, 'population': 553519, 'phonePrefix': '4', 'countryId': 1, 'cityCapital': None, 'country': None, 'cities': None, 'regionId': 2, 'region': None, 'naturalAreas': None, 'maps': None, 'indigenousReservations': None, 'airports': None}"
47,Mute santandereano,"Sopa espesa tradicional de Santander hecha con variedad de carnes, maíz y vegetales.","Maíz pelado, carne de res, cerdo, pollo, yuca, arveja, papa, garbanzo, cebolla, cilantro.",https://apicolombiastorage.blob.core.windows.net/typicaldishes/47. Mute santandereano.png,28,"{'id': 28, 'name': 'Santander', 'description': 'Santander es uno de los treinta y dos departamentos que, junto con Bogotá, Distrito Capital, forman la República de Colombia. Su capital es Bucaramanga. Está ubicado al noreste del país, en la región andina, limitando al norte con Cesar y Norte de Santander, al este y sur con Boyacá, al oeste con Antioquia y al noroeste con Bolívar.7\u200b Con unos 2 280 908 habitantes en 2018 es el sexto departamento por población. Recibe su nombre en alusión a Francisco de Paula Santander, prócer de la independencia de la Nueva Granada', 'cityCapitalId': 915, 'municipalities': 87, 'surface': 30537, 'population': 2324090, 'phonePrefix': '7', 'countryId': 1, 'cityCapital': None, 'country': None, 'cities': None, 'regionId': 5, 'region': None, 'naturalAreas': None, 'maps': None, 'indigenousReservations': None, 'airports': None}"
48,Mondongo,Sopa tradicional elaborada con callos (estómago de res) y una variedad de vegetales y tubérculos. Es popular en diversas regiones del país.,"Callos de res, papa, yuca, zanahoria, arvejas, maíz, cebolla, ajo, cilantro y especias.",https://apicolombiastorage.blob.core.windows.net/typicaldishes/48. Mondongo.jpeg,5,"{'id': 5, 'name': 'Bogotá', 'description': 'Bogotá, oficialmente Bogotá, Distrito Capital\u200b (antiguamente, Santafé de Bogotá),\u200b es la capital de la República de Colombia y del departamento de Cundinamarca. Está administrada como distrito capital, y goza de autonomía para la gestión de sus intereses dentro de los límites de la Constitución y la ley.12\u200b18\u200b A diferencia de los demás distritos de Colombia, Bogotá es una entidad territorial de primer orden, con las atribuciones administrativas que la ley confiere a los departamentos', 'cityCapitalId': 167, 'municipalities': 1, 'surface': 1139, 'population': 8906342, 'phonePrefix': '1', 'countryId': 1, 'cityCapital': None, 'country': None, 'cities': None, 'regionId': 5, 'region': None, 'naturalAreas': None, 'maps': None, 'indigenousReservations': None, 'airports': None}"
49,Caldo de costilla,"Caldo caliente hecho con costillas de res, tradicionalmente consumido en el desayuno para reponer energías.","Costillas de res, papa, ajo, cebolla larga, cilantro, sal.",https://apicolombiastorage.blob.core.windows.net/typicaldishes/49. Caldo de costilla.png,15,"{'id': 15, 'name': 'Cundinamarca', 'description': 'Cundinamarca es uno de los 32 departamentos que, junto con Bogotá, Distrito Capital, forman la República de Colombia. Su capital es Bogotá, la capital del país. Está ubicado en el centro del país, en la región andina, limitando al norte Boyacá, al este y al sur con Meta, al sur con Huila y al oeste con Tolima y Caldas. Enclavado en su territorio se encuentra el Distrito Capital de Bogotá, al que rodea excepto por su límite suroriental.', 'cityCapitalId': 167, 'municipalities': 116, 'surface': 23071, 'population': 2473634, 'phonePrefix': '1', 'countryId': 1, 'cityCapital': None, 'country': None, 'cities': None, 'regionId': 5, 'region': None, 'naturalAreas': None, 'maps': None, 'indigenousReservations': None, 'airports': None}"
50,Oblea,"Postre típico colombiano que consiste en láminas delgadas de galleta rellenas con arequipe, mermelada, queso o coco.","Harina de trigo, arequipe, mermelada, queso.",https://apicolombiastorage.blob.core.windows.net/typicaldishes/50. Oblea.png,15,"{'id': 15, 'name': 'Cundinamarca', 'description': 'Cundinamarca es uno de los 32 departamentos que, junto con Bogotá, Distrito Capital, forman la República de Colombia. Su capital es Bogotá, la capital del país. Está ubicado en el centro del país, en la región andina, limitando al norte Boyacá, al este y al sur con Meta, al sur con Huila y al oeste con Tolima y Caldas. Enclavado en su territorio se encuentra el Distrito Capital de Bogotá, al que rodea excepto por su límite suroriental.', 'cityCapitalId': 167, 'municipalities': 116, 'surface': 23071, 'population': 2473634, 'phonePrefix': '1', 'countryId': 1, 'cityCapital': None, 'country': None, 'cities': None, 'regionId': 5, 'region': None, 'naturalAreas': None, 'maps': None, 'indigenousReservations': None, 'airports': None}"
51,Migao,"Plato típico basado en una mezcla de arepas desmenuzadas o harina de maíz cocida con leche o agua, a menudo acompañada de queso o mantequilla.","Arepa o harina de maíz, leche o agua, queso, mantequilla, sal.",https://apicolombiastorage.blob.core.windows.net/typicaldishes/51. Migao.png,2,"{'id': 2, 'name': 'Antioquia', 'description': 'Antioquia es uno de los treinta y dos departamentos que, junto con Bogotá, Distrito Capital, forman la República de Colombia. Su capital es Medellín, la segunda ciudad más poblada del país. Está ubicado al noroccidente colombiano, en las regiones Andina y Caribe, limitando al norte con el mar Caribe (océano Atlántico), Córdoba y Bolívar, al este con Santander y Boyacá, al sur con Caldas y Risaralda, y al oeste con Chocó. Con unos 6 500 000 habitantes en 2015 es el departamento más poblado, y con 63 600 km², el sexto más extenso, superado por Amazonas, Vichada, Caquetá, Meta y Guainía.', 'cityCapitalId': 12, 'municipalities': 125, 'surface': 63612, 'population': 6887306, 'phonePrefix': '4', 'countryId': 1, 'cityCapital': None, 'country': None, 'cities': None, 'regionId': 5, 'region': None, 'naturalAreas': None, 'maps': None, 'indigenousReservations': None, 'airports': None}"
52,Chuleta valluna,"Filete de carne de cerdo empanizado y frito, acompañado de arroz, plátano maduro y ensalada.","Carne de cerdo, huevo, pan rallado, ajo, sal, pimienta.",https://apicolombiastorage.blob.core.windows.net/typicaldishes/52. Chuleta valluna.png,31,"{'id': 31, 'name': 'Valle del Cauca', 'description': 'Valle del Cauca es uno de los treinta y dos departamentos que, junto con Bogotá, Distrito Capital, forman la República de Colombia. Su capital es Cali. Está ubicado en las regiones Andina y del Pacífico, limitando al norte con Chocó y Risaralda, al este con Quindío y Tolima, al sur con Cauca y al oeste con el océano Pacífico. Con 4 600 000 habitantes en 2015 es el segundo departamento más poblado', 'cityCapitalId': 1093, 'municipalities': 42, 'surface': 22140, 'population': 4589278, 'phonePrefix': '2', 'countryId': 1, 'cityCapital': None, 'country': None, 'cities': None, 'regionId': 2, 'region': None, 'naturalAreas': None, 'maps': None, 'indigenousReservations': None, 'airports': None}"
53,Envuelto de maíz,Masa de maíz envuelta en hojas de mazorca y cocida al vapor. Puede ser dulce o salado.,"Maíz molido, mantequilla, azúcar o sal, leche.",https://apicolombiastorage.blob.core.windows.net/typicaldishes/53. Envueltos de maiz.jpg,30,"{'id': 30, 'name': 'Tolima', 'description': 'Tolima es uno de los treinta y dos departamentos que, junto con Bogotá, Distrito Capital, forman la República de Colombia. Su capital es Ibagué. Está ubicado en el centro-oeste del país, en la región andina, limitando al norte con Caldas, al este con Cundinamarca, al sur con Huila y Cauca; y al oeste con Valle del Cauca, Quindío y Risaralda.6\u200b El río Magdalena atraviesa Tolima de sur a norte.', 'cityCapitalId': 1069, 'municipalities': 47, 'surface': 23562, 'population': 1346935, 'phonePrefix': '8', 'countryId': 1, 'cityCapital': None, 'country': None, 'cities': None, 'regionId': 5, 'region': None, 'naturalAreas': None, 'maps': None, 'indigenousReservations': None, 'airports': None}"
54,Arroz con leche,Postre cremoso de arroz cocido en leche con especias y endulzantes.,"Arroz, leche, azúcar, canela, clavos de olor, pasas.",https://apicolombiastorage.blob.core.windows.net/typicaldishes/54. Arroz con leche.png,28,"{'id': 28, 'name': 'Santander', 'description': 'Santander es uno de los treinta y dos departamentos que, junto con Bogotá, Distrito Capital, forman la República de Colombia. Su capital es Bucaramanga. Está ubicado al noreste del país, en la región andina, limitando al norte con Cesar y Norte de Santander, al este y sur con Boyacá, al oeste con Antioquia y al noroeste con Bolívar.7\u200b Con unos 2 280 908 habitantes en 2018 es el sexto departamento por población. Recibe su nombre en alusión a Francisco de Paula Santander, prócer de la independencia de la Nueva Granada', 'cityCapitalId': 915, 'municipalities': 87, 'surface': 30537, 'population': 2324090, 'phonePrefix': '7', 'countryId': 1, 'cityCapital': None, 'country': None, 'cities': None, 'regionId': 5, 'region': None, 'naturalAreas': None, 'maps': None, 'indigenousReservations': None, 'airports': None}"
55,Tamal antioqueño,"Mezcla de masa de maíz con carnes y vegetales, envuelta en hojas de plátano y cocida al vapor.","Masa de maíz, cerdo, pollo, zanahoria, papa, huevo cocido.",https://apicolombiastorage.blob.core.windows.net/typicaldishes/55. Tamal antioqueno.jpeg,2,"{'id': 2, 'name': 'Antioquia', 'description': 'Antioquia es uno de los treinta y dos departamentos que, junto con Bogotá, Distrito Capital, forman la República de Colombia. Su capital es Medellín, la segunda ciudad más poblada del país. Está ubicado al noroccidente colombiano, en las regiones Andina y Caribe, limitando al norte con el mar Caribe (océano Atlántico), Córdoba y Bolívar, al este con Santander y Boyacá, al sur con Caldas y Risaralda, y al oeste con Chocó. Con unos 6 500 000 habitantes en 2015 es el departamento más poblado, y con 63 600 km², el sexto más extenso, superado por Amazonas, Vichada, Caquetá, Meta y Guainía.', 'cityCapitalId': 12, 'municipalities': 125, 'surface': 63612, 'population': 6887306, 'phonePrefix': '4', 'countryId': 1, 'cityCapital': None, 'country': None, 'cities': None, 'regionId': 5, 'region': None, 'naturalAreas': None, 'maps': None, 'indigenousReservations': None, 'airports': None}"
56,Chorizo antioqueño,"Embutido de carne de cerdo sazonada, servido tradicionalmente con arepa y limón.","Carne de cerdo, ajo, sal, comino, pimienta.",https://apicolombiastorage.blob.core.windows.net/typicaldishes/56. Chorizo antioqueno.jpg,2,"{'id': 2, 'name': 'Antioquia', 'description': 'Antioquia es uno de los treinta y dos departamentos que, junto con Bogotá, Distrito Capital, forman la República de Colombia. Su capital es Medellín, la segunda ciudad más poblada del país. Está ubicado al noroccidente colombiano, en las regiones Andina y Caribe, limitando al norte con el mar Caribe (océano Atlántico), Córdoba y Bolívar, al este con Santander y Boyacá, al sur con Caldas y Risaralda, y al oeste con Chocó. Con unos 6 500 000 habitantes en 2015 es el departamento más poblado, y con 63 600 km², el sexto más extenso, superado por Amazonas, Vichada, Caquetá, Meta y Guainía.', 'cityCapitalId': 12, 'municipalities': 125, 'surface': 63612, 'population': 6887306, 'phonePrefix': '4', 'countryId': 1, 'cityCapital': None, 'country': None, 'cities': None, 'regionId': 5, 'region': None, 'naturalAreas': None, 'maps': None, 'indigenousReservations': None, 'airports': None}"
57,Mamona,"Carne de res (ternera) asada lentamente al carbón, típica de los llanos orientales.","Ternera, sal, ajo, especias.",https://apicolombiastorage.blob.core.windows.net/typicaldishes/57. Mamona.png,21,"{'id': 21, 'name': 'Meta', 'description': 'Meta es uno de los treinta y dos departamentos que, junto con Bogotá, Distrito Capital, forman la República de Colombia. Su capital es Villavicencio. Está ubicado en el centro del país, en la región Orinoquía, limitando al norte con Bogotá, Distrito Capital, Cundinamarca y Casanare, al este con Vichada, al sur con Guaviare y Caquetá, y al oeste con Huila. Con 85 635 km² es el cuarto departamento más extenso —por detrás de Amazonas, Vichada y Caquetá', 'cityCapitalId': 740, 'municipalities': 29, 'surface': 85635, 'population': 1080706, 'phonePrefix': '8', 'countryId': 1, 'cityCapital': None, 'country': None, 'cities': None, 'regionId': 3, 'region': None, 'naturalAreas': None, 'maps': None, 'indigenousReservations': None, 'airports': None}"
58,Empanada de maíz,"Masa de maíz rellena de carne, papa o queso, frita hasta quedar crujiente.","Harina de maíz, carne, papa, cebolla, comin",https://apicolombiastorage.blob.core.windows.net/typicaldishes/58. Empanada de maiz.png,31,"{'id': 31, 'name': 'Valle del Cauca', 'description': 'Valle del Cauca es uno de los treinta y dos departamentos que, junto con Bogotá, Distrito Capital, forman la República de Colombia. Su capital es Cali. Está ubicado en las regiones Andina y del Pacífico, limitando al norte con Chocó y Risaralda, al este con Quindío y Tolima, al sur con Cauca y al oeste con el océano Pacífico. Con 4 600 000 habitantes en 2015 es el segundo departamento más poblado', 'cityCapitalId': 1093, 'municipalities': 42, 'surface': 22140, 'population': 4589278, 'phonePrefix': '2', 'countryId': 1, 'cityCapital': None, 'country': None, 'cities': None, 'regionId': 2, 'region': None, 'naturalAreas': None, 'maps': None, 'indigenousReservations': None, 'airports': None}"
59,Arroz con pollo,Plato colorido de arroz con pollo desmenuzado y vegetales.,"Arroz, pollo, zanahoria, cebolla, arvejas, pimientos.",https://apicolombiastorage.blob.core.windows.net/typicaldishes/59. Arroz con pollo.jpg,4,"{'id': 4, 'name': 'Atlántico', 'description': 'El Atlántico es uno de los treinta y dos departamentos que, junto a Bogotá, Distrito Capital, forman la República de Colombia. Su capital es Barranquilla. Ubicado en la región Caribe, limita al norte con el mar Caribe, al Oriente con el río Magdalena y al Sur y al Occidente con el departamento de Bolívar. Con unos 2 500 000 habitantes en 2015, es el cuarto departamento más poblado (por detrás de Antioquia, Valle del Cauca y Cundinamarca); con 3019 km² es el tercero menos extenso (por delante de Quindío y San Andrés y Providencia, el menos extenso) y con 815 hab/km² es el segundo más densamente poblado (por detrás de San Andrés y Providencia)', 'cityCapitalId': 144, 'municipalities': 23, 'surface': 3388, 'population': 2804025, 'phonePrefix': '5', 'countryId': 1, 'cityCapital': None, 'country': None, 'cities': None, 'regionId': 1, 'region': None, 'naturalAreas': None, 'maps': None, 'indigenousReservations': None, 'airports': None}"
60,Pan de yuca,Panecillo suave hecho con harina de yuca y queso.,"Harina de yuca, queso, mantequilla, huevo.",https://apicolombiastorage.blob.core.windows.net/typicaldishes/60. Pan de yuca.jpg,31,"{'id': 31, 'name': 'Valle del Cauca', 'description': 'Valle del Cauca es uno de los treinta y dos departamentos que, junto con Bogotá, Distrito Capital, forman la República de Colombia. Su capital es Cali. Está ubicado en las regiones Andina y del Pacífico, limitando al norte con Chocó y Risaralda, al este con Quindío y Tolima, al sur con Cauca y al oeste con el océano Pacífico. Con 4 600 000 habitantes en 2015 es el segundo departamento más poblado', 'cityCapitalId': 1093, 'municipalities': 42, 'surface': 22140, 'population': 4589278, 'phonePrefix': '2', 'countryId': 1, 'cityCapital': None, 'country': None, 'cities': None, 'regionId': 2, 'region': None, 'naturalAreas': None, 'maps': None, 'indigenousReservations': None, 'airports': None}"
61,Merengón,"Postre crujiente de merengue, crema y frutas frescas como guanábana o fresas.","Claras de huevo, azúcar, crema de leche, frutas.",https://apicolombiastorage.blob.core.windows.net/typicaldishes/61. Merengon.jpg,15,"{'id': 15, 'name': 'Cundinamarca', 'description': 'Cundinamarca es uno de los 32 departamentos que, junto con Bogotá, Distrito Capital, forman la República de Colombia. Su capital es Bogotá, la capital del país. Está ubicado en el centro del país, en la región andina, limitando al norte Boyacá, al este y al sur con Meta, al sur con Huila y al oeste con Tolima y Caldas. Enclavado en su territorio se encuentra el Distrito Capital de Bogotá, al que rodea excepto por su límite suroriental.', 'cityCapitalId': 167, 'municipalities': 116, 'surface': 23071, 'population': 2473634, 'phonePrefix': '1', 'countryId': 1, 'cityCapital': None, 'country': None, 'cities': None, 'regionId': 5, 'region': None, 'naturalAreas': None, 'maps': None, 'indigenousReservations': None, 'airports': None}"
62,Breva con arequipe,"Postre dulce de brevas cocidas en almíbar, rellenas con arequipe.","Brevas, azúcar, canela, arequipe.",https://apicolombiastorage.blob.core.windows.net/typicaldishes/62. Brevas con arequipe.jpg,15,"{'id': 15, 'name': 'Cundinamarca', 'description': 'Cundinamarca es uno de los 32 departamentos que, junto con Bogotá, Distrito Capital, forman la República de Colombia. Su capital es Bogotá, la capital del país. Está ubicado en el centro del país, en la región andina, limitando al norte Boyacá, al este y al sur con Meta, al sur con Huila y al oeste con Tolima y Caldas. Enclavado en su territorio se encuentra el Distrito Capital de Bogotá, al que rodea excepto por su límite suroriental.', 'cityCapitalId': 167, 'municipalities': 116, 'surface': 23071, 'population': 2473634, 'phonePrefix': '1', 'countryId': 1, 'cityCapital': None, 'country': None, 'cities': None, 'regionId': 5, 'region': None, 'naturalAreas': None, 'maps': None, 'indigenousReservations': None, 'airports': None}"
63,Agua de panela,Bebida caliente o fría preparada con panela disuelta en agua.,"Panela, agua, limón",https://apicolombiastorage.blob.core.windows.net/typicaldishes/63. Agua de panela.jpg,15,"{'id': 15, 'name': 'Cundinamarca', 'description': 'Cundinamarca es uno de los 32 departamentos que, junto con Bogotá, Distrito Capital, forman la República de Colombia. Su capital es Bogotá, la capital del país. Está ubicado en el centro del país, en la región andina, limitando al norte Boyacá, al este y al sur con Meta, al sur con Huila y al oeste con Tolima y Caldas. Enclavado en su territorio se encuentra el Distrito Capital de Bogotá, al que rodea excepto por su límite suroriental.', 'cityCapitalId': 167, 'municipalities': 116, 'surface': 23071, 'population': 2473634, 'phonePrefix': '1', 'countryId': 1, 'cityCapital': None, 'country': None, 'cities': None, 'regionId': 5, 'region': None, 'naturalAreas': None, 'maps': None, 'indigenousReservations': None, 'airports': None}"
64,Carimañola,"Fritura hecha de masa de yuca rellena de carne, queso o pollo.","Yuca, carne, queso, huevo.",https://apicolombiastorage.blob.core.windows.net/typicaldishes/64. Carimanola.jpg,6,"{'id': 6, 'name': 'Bolívar', 'description': 'Bolívar es uno de los treinta y dos departamentos que, junto con Bogotá, Distrito Capital, forman la República de Colombia. Su capital es Cartagena de Indias, sede de la asamblea departamental, mientras que en Turbaco se encuentra la sede de la gobernación. Está ubicado en la región Caribe, limitando al norte con el mar Caribe (océano Atlántico), al noreste con Atlántico, al este con Magdalena y Cesar, al sureste con Santander, al suroeste con Antioquia y al oeste con Córdoba y Sucre.', 'cityCapitalId': 210, 'municipalities': 45, 'surface': 25978, 'population': 2236603, 'phonePrefix': '5', 'countryId': 1, 'cityCapital': None, 'country': None, 'cities': None, 'regionId': 1, 'region': None, 'naturalAreas': None, 'maps': None, 'indigenousReservations': None, 'airports': None}"
65,Gelatina de pata,"Dulce hecho a base de patas de res cocidas, con sabor a panela.","Pata de res, panela, canela.",https://apicolombiastorage.blob.core.windows.net/typicaldishes/65. Gelatina de pata.jpg,31,"{'id': 31, 'name': 'Valle del Cauca', 'description': 'Valle del Cauca es uno de los treinta y dos departamentos que, junto con Bogotá, Distrito Capital, forman la República de Colombia. Su capital es Cali. Está ubicado en las regiones Andina y del Pacífico, limitando al norte con Chocó y Risaralda, al este con Quindío y Tolima, al sur con Cauca y al oeste con el océano Pacífico. Con 4 600 000 habitantes en 2015 es el segundo departamento más poblado', 'cityCapitalId': 1093, 'municipalities': 42, 'surface': 22140, 'population': 4589278, 'phonePrefix': '2', 'countryId': 1, 'cityCapital': None, 'country': None, 'cities': None, 'regionId': 2, 'region': None, 'naturalAreas': None, 'maps': None, 'indigenousReservations': None, 'airports': None}"
66,Lengua sudada,Lengua de res cocida a fuego lento con una salsa espesa de tomate y especias.,"Lengua de res, tomate, cebolla, ajo, especias.",https://apicolombiastorage.blob.core.windows.net/typicaldishes/66. Lengua sudada.png,28,"{'id': 28, 'name': 'Santander', 'description': 'Santander es uno de los treinta y dos departamentos que, junto con Bogotá, Distrito Capital, forman la República de Colombia. Su capital es Bucaramanga. Está ubicado al noreste del país, en la región andina, limitando al norte con Cesar y Norte de Santander, al este y sur con Boyacá, al oeste con Antioquia y al noroeste con Bolívar.7\u200b Con unos 2 280 908 habitantes en 2018 es el sexto departamento por población. Recibe su nombre en alusión a Francisco de Paula Santander, prócer de la independencia de la Nueva Granada', 'cityCapitalId': 915, 'municipalities': 87, 'surface': 30537, 'population': 2324090, 'phonePrefix': '7', 'countryId': 1, 'cityCapital': None, 'country': None, 'cities': None, 'regionId': 5, 'region': None, 'naturalAreas': None, 'maps': None, 'indigenousReservations': None, 'airports': None}"
67,Pollo asado,"Pollo marinado y asado al carbón, acompañado de papa y ensalada.","Pollo, ajo, sal, pimienta, especias.",https://apicolombiastorage.blob.core.windows.net/typicaldishes/67. Pollo asado.jpg,4,"{'id': 4, 'name': 'Atlántico', 'description': 'El Atlántico es uno de los treinta y dos departamentos que, junto a Bogotá, Distrito Capital, forman la República de Colombia. Su capital es Barranquilla. Ubicado en la región Caribe, limita al norte con el mar Caribe, al Oriente con el río Magdalena y al Sur y al Occidente con el departamento de Bolívar. Con unos 2 500 000 habitantes en 2015, es el cuarto departamento más poblado (por detrás de Antioquia, Valle del Cauca y Cundinamarca); con 3019 km² es el tercero menos extenso (por delante de Quindío y San Andrés y Providencia, el menos extenso) y con 815 hab/km² es el segundo más densamente poblado (por detrás de San Andrés y Providencia)', 'cityCapitalId': 144, 'municipalities': 23, 'surface': 3388, 'population': 2804025, 'phonePrefix': '5', 'countryId': 1, 'cityCapital': None, 'country': None, 'cities': None, 'regionId': 1, 'region': None, 'naturalAreas': None, 'maps': None, 'indigenousReservations': None, 'airports': None}"
68,Cazuela de mariscos,"Sopa cremosa de mariscos, preparada con leche de coco y vegetales.","Mariscos variados, leche de coco, cebolla, ajo, pimientos.",https://apicolombiastorage.blob.core.windows.net/typicaldishes/68. Cazuela de mariscos.jpg,6,"{'id': 6, 'name': 'Bolívar', 'description': 'Bolívar es uno de los treinta y dos departamentos que, junto con Bogotá, Distrito Capital, forman la República de Colombia. Su capital es Cartagena de Indias, sede de la asamblea departamental, mientras que en Turbaco se encuentra la sede de la gobernación. Está ubicado en la región Caribe, limitando al norte con el mar Caribe (océano Atlántico), al noreste con Atlántico, al este con Magdalena y Cesar, al sureste con Santander, al suroeste con Antioquia y al oeste con Córdoba y Sucre.', 'cityCapitalId': 210, 'municipalities': 45, 'surface': 25978, 'population': 2236603, 'phonePrefix': '5', 'countryId': 1, 'cityCapital': None, 'country': None, 'cities': None, 'regionId': 1, 'region': None, 'naturalAreas': None, 'maps': None, 'indigenousReservations': None, 'airports': None}"
